{
  "timestamp": "2026-02-05T22:23:41.408Z",
  "test_type": "authenticated_load_test",
  "target_vus": 10,
  "duration_seconds": 30,
  "metrics": {
    "p50_response_time": 171.0269,
    "p95_response_time": 291.25799,
    "p99_response_time": 512.8450970000007,
    "avg_response_time": 175.49810229793985,
    "requests_per_second": 36.29007578920648,
    "error_rate": 87.14285714285714,
    "total_requests": 1262
  },
  "thresholds_passed": true,
  "raw_data": {
    "metrics": {
      "http_reqs": {
        "values": {
          "count": 1262,
          "rate": 36.29007578920648
        },
        "type": "counter",
        "contains": "default"
      },
      "group_duration": {
        "type": "trend",
        "contains": "time",
        "values": {
          "min": 126.4392,
          "med": 202.43655,
          "max": 1308.7263,
          "p(50)": 202.43655,
          "p(90)": 321.35818,
          "p(95)": 385.688175,
          "p(99)": 1129.56611,
          "avg": 237.52586344444472
        }
      },
      "iterations": {
        "type": "counter",
        "contains": "default",
        "values": {
          "count": 180,
          "rate": 5.176080540457344
        }
      },
      "http_req_blocked": {
        "type": "trend",
        "contains": "time",
        "values": {
          "p(50)": 0,
          "p(90)": 0,
          "p(95)": 0,
          "p(99)": 0.5800100000000039,
          "avg": 0.05123217115689383,
          "min": 0,
          "med": 0,
          "max": 54.7635
        }
      },
      "http_req_waiting": {
        "values": {
          "p(95)": 291.24237500000004,
          "p(99)": 512.6474450000006,
          "avg": 175.04921061806647,
          "min": 6.6245,
          "med": 170.72629999999998,
          "max": 2924.5261,
          "p(50)": 170.72629999999998,
          "p(90)": 251.49891000000008
        },
        "type": "trend",
        "contains": "time"
      },
      "health_check_latency": {
        "type": "trend",
        "contains": "time",
        "values": {
          "max": 117,
          "p(50)": 17,
          "p(90)": 48.39999999999998,
          "p(95)": 79.24999999999991,
          "p(99)": 104.21000000000001,
          "avg": 23.988888888888887,
          "min": 7,
          "med": 17
        }
      },
      "lead_query_latency": {
        "type": "trend",
        "contains": "time",
        "values": {
          "med": 165,
          "max": 1163,
          "p(50)": 165,
          "p(90)": 229.10000000000002,
          "p(95)": 307.30000000000007,
          "p(99)": 977.4100000000001,
          "avg": 188.23888888888888,
          "min": 105
        }
      },
      "vus_max": {
        "type": "gauge",
        "contains": "default",
        "values": {
          "value": 10,
          "min": 10,
          "max": 10
        }
      },
      "iteration_duration": {
        "type": "trend",
        "contains": "time",
        "values": {
          "max": 3650.0922,
          "p(50)": 1601.46465,
          "p(90)": 1927.027,
          "p(95)": 2866.3384699999997,
          "p(99)": 2988.437,
          "avg": 1719.042885164835,
          "min": 0,
          "med": 1601.46465
        }
      },
      "data_received": {
        "type": "counter",
        "contains": "data",
        "values": {
          "count": 9571993,
          "rate": 275252.2594482995
        }
      },
      "trpc_latency": {
        "type": "trend",
        "contains": "time",
        "values": {
          "p(99)": 511.47000000000025,
          "avg": 197.80693898148164,
          "min": 104.6854,
          "med": 178.92545,
          "max": 1163.5913,
          "p(50)": 178.92545,
          "p(90)": 256,
          "p(95)": 302.04999999999995
        },
        "thresholds": {
          "p(95)<150": {
            "ok": false
          }
        }
      },
      "vus": {
        "type": "gauge",
        "contains": "default",
        "values": {
          "value": 10,
          "min": 0,
          "max": 10
        }
      },
      "data_sent": {
        "contains": "data",
        "values": {
          "count": 1221199,
          "rate": 35116.80211069982
        },
        "type": "counter"
      },
      "http_req_connecting": {
        "type": "trend",
        "contains": "time",
        "values": {
          "p(99)": 0,
          "avg": 0.013363470681458002,
          "min": 0,
          "med": 0,
          "max": 9.2451,
          "p(50)": 0,
          "p(90)": 0,
          "p(95)": 0
        }
      },
      "errors": {
        "type": "rate",
        "contains": "default",
        "values": {
          "rate": 0.8714285714285714,
          "passes": 1098,
          "fails": 162
        },
        "thresholds": {
          "rate<0.1": {
            "ok": false
          }
        }
      },
      "auth_latency": {
        "type": "trend",
        "contains": "time",
        "values": {
          "avg": 723,
          "min": 723,
          "med": 723,
          "max": 723,
          "p(50)": 723,
          "p(90)": 723,
          "p(95)": 723,
          "p(99)": 723
        }
      },
      "checks": {
        "type": "rate",
        "contains": "default",
        "values": {
          "rate": 0.6414108425865448,
          "passes": 1964,
          "fails": 1098
        }
      },
      "http_req_tls_handshaking": {
        "values": {
          "min": 0,
          "med": 0,
          "max": 20.9889,
          "p(50)": 0,
          "p(90)": 0,
          "p(95)": 0,
          "p(99)": 0,
          "avg": 0.016631458003169574
        },
        "type": "trend",
        "contains": "time"
      },
      "http_req_sending": {
        "type": "trend",
        "contains": "time",
        "values": {
          "p(99)": 0.5419640000000048,
          "avg": 0.01814104595879556,
          "min": 0,
          "med": 0,
          "max": 1.5118,
          "p(50)": 0,
          "p(90)": 0,
          "p(95)": 0
        }
      },
      "http_req_receiving": {
        "contains": "time",
        "values": {
          "max": 7.0043,
          "p(50)": 0.48865000000000003,
          "p(90)": 0.9581900000000001,
          "p(95)": 1.0001,
          "p(99)": 1.4574770000000075,
          "avg": 0.43075063391442064,
          "min": 0,
          "med": 0.48865000000000003
        },
        "type": "trend"
      },
      "http_req_failed": {
        "type": "rate",
        "contains": "default",
        "values": {
          "rate": 0,
          "passes": 0,
          "fails": 1262
        }
      },
      "failed_requests": {
        "type": "counter",
        "contains": "default",
        "values": {
          "count": 1080,
          "rate": 31.05648324274406
        }
      },
      "http_req_duration{expected_response:true}": {
        "type": "trend",
        "contains": "time",
        "values": {
          "p(50)": 171.0269,
          "p(90)": 251.53119000000004,
          "p(95)": 291.25799,
          "p(99)": 512.8450970000007,
          "avg": 175.49810229793985,
          "min": 7.1076,
          "med": 171.0269,
          "max": 2926.3532
        }
      },
      "http_req_duration": {
        "type": "trend",
        "contains": "time",
        "values": {
          "p(90)": 251.53119000000004,
          "p(95)": 291.25799,
          "p(99)": 512.8450970000007,
          "avg": 175.49810229793985,
          "min": 7.1076,
          "med": 171.0269,
          "max": 2926.3532,
          "p(50)": 171.0269
        },
        "thresholds": {
          "p(95)<200": {
            "ok": false
          },
          "p(99)<500": {
            "ok": false
          }
        }
      }
    },